CpfouCnpj,Email,Password,Pedido
760.492.835-83,626309092site@stresstest.com.br,Q!w2WYEmC_
316.894.207-31,881034001site@stresstest.com.br,9I3_xWDuw(
079.164.235-61,763616481site@stresstest.com.br,Petz@123
834.560.127-80,107994293site@stresstest.com.br,Petz@123
145.836.907-20,901377336site@stresstest.com.br,Petz@123
069.457.231-43,726065247site@stresstest.com.br,Petz@123
189.462.530-70,82476405site@stresstest.com.br,Petz@123
934.602.875-00,436204976site@stresstest.com.br,Petz@123
489.537.206-56,241058101site@stresstest.com.br,Petz@123
518.397.204-41,370991077site@stresstest.com.br,Petz@123
209.815.763-03,51576663site@stresstest.com.br,Petz@123
469.381.207-22,570241316site@stresstest.com.br,Petz@123
085.419.632-33,987071660site@stresstest.com.br,Petz@123
456.701.389-10,335043364site@stresstest.com.br,Petz@123
903.216.578-02,912727115site@stresstest.com.br,Petz@123
280.946.751-01,512667177site@stresstest.com.br,Petz@123
152.047.369-99,965549233site@stresstest.com.br,Petz@123
380.697.152-86,372260253site@stresstest.com.br,Petz@123
386.017.254-90,433729271site@stresstest.com.br,Petz@123
983.026.457-29,615038719site@stresstest.com.br,Petz@123
895.671.420-76,575177355site@stresstest.com.br,Petz@123
956.738.104-66,710209314site@stresstest.com.br,Petz@123
506.493.128-05,322777600site@stresstest.com.br,Petz@123
230.857.619-77,340861664site@stresstest.com.br,Petz@123
971.342.568-55,819457270site@stresstest.com.br,Petz@123
478.105.263-08,614602691site@stresstest.com.br,Petz@123
594.873.601-66,229378961site@stresstest.com.br,Petz@123
286.740.593-92,383543384site@stresstest.com.br,Petz@123
496.731.205-52,584651916site@stresstest.com.br,Petz@123
920.635.147-80,666700013site@stresstest.com.br,Petz@123
374.508.916-20,10561685site@stresstest.com.br,Petz@123
507.382.196-30,778066211site@stresstest.com.br,Petz@123
463.871.590-75,26691866site@stresstest.com.br,Petz@123
608.395.721-40,28375311site@stresstest.com.br,Petz@123
978.053.261-77,228371618site@stresstest.com.br,Petz@123
536.821.094-98,563681088site@stresstest.com.br,Petz@123
502.691.473-06,819447658site@stresstest.com.br,Petz@123
012.689.347-04,670833251site@stresstest.com.br,Petz@123
182.950.473-88,733909002site@stresstest.com.br,Petz@123
867.513.402-90,320388376site@stresstest.com.br,Petz@123
720.819.356-86,753436453site@stresstest.com.br,Petz@123
725.804.693-38,528404945site@stresstest.com.br,Petz@123
301.865.497-84,312851530site@stresstest.com.br,Petz@123
640.587.293-92,967428704site@stresstest.com.br,Petz@123
453.896.027-65,262705940site@stresstest.com.br,Petz@123
651.347.092-70,150181248site@stresstest.com.br,Petz@123
031.562.974-61,721019552site@stresstest.com.br,Petz@123
012.973.568-02,837369457site@stresstest.com.br,Petz@123
943.268.701-50,175217921site@stresstest.com.br,Petz@123
052.186.394-51,170155343site@stresstest.com.br,Petz@123
640.851.932-60,300603938site@stresstest.com.br,Petz@123
401.576.239-80,915018383site@stresstest.com.br,Petz@123
681.425.397-64,933097356site@stresstest.com.br,Petz@123
897.065.341-48,573149377site@stresstest.com.br,Petz@123
582.643.710-35,193396732site@stresstest.com.br,Petz@123
,site@stresstest.com.br,Petz@123,
615.947.382-46,585244098site@stresstest.com.br,Petz@123
,site@stresstest.com.br,Petz@123,
857.492.016-94,site@stresstest.com.br,Petz@123,
206.914.857-20,136905092site@stresstest.com.br,Petz@123,
289.640.153-98,797335662site@stresstest.com.br,Petz@123,
680.975.412-11,784270609site@stresstest.com.br,Petz@123,
632.819.745-46,139002499site@stresstest.com.br,Petz@123,
431.869.507-75,519753686site@stresstest.com.br,Petz@123,
263.041.958-42,938356111site@stresstest.com.br,Petz@123,
761.392.504-80,963561477site@stresstest.com.br,Petz@123,
71.548.932/0001-11,15054018site@stresstest.com.br,Petz@123,
264.197.508-49,832849749site@stresstest.com.br,Petz@123,
820.793.541-32,382990190site@stresstest.com.br,Petz@123,
820.793.541-32,382990190site@stresstest.com.br,Petz@123,
820.793.541-32,382990190site@stresstest.com.br,Petz@123,
820.793.541-32,382990190site@stresstest.com.br,Petz@123,
820.793.541-32,382990190site@stresstest.com.br,Petz@123,
820.793.541-32,382990190site@stresstest.com.br,Petz@123,
820.793.541-32,382990190site@stresstest.com.br,Petz@123,
820.793.541-32,382990190site@stresstest.com.br,Petz@123,
895.061.327-12,745236164site@stresstest.com.br,Petz@123,
895.061.327-12,745236164site@stresstest.com.br,Petz@123,
895.061.327-12,745236164site@stresstest.com.br,Petz@123,
895.061.327-12,745236164site@stresstest.com.br,Petz@123,
34.780.259/0001-14,907796168site@stresstest.com.br,Petz@123,
34.780.259/0001-14,907796168site@stresstest.com.br,Petz@123,
34.780.259/0001-14,907796168site@stresstest.com.br,Petz@123,
,site@stresstest.com.br,Petz@123,
,site@stresstest.com.br,Petz@123,
,site@stresstest.com.br,Petz@123,
,site@stresstest.com.br,Petz@123,
,site@stresstest.com.br,Petz@123,
,site@stresstest.com.br,Petz@123,
,site@stresstest.com.br,Petz@123,
,site@stresstest.com.br,Petz@123,
,site@stresstest.com.br,Petz@123,
,site@stresstest.com.br,Petz@123,
485.209.716-01,869565811site@stresstest.com.br,Petz@123,
841.065.392-33,75585097site@stresstest.com.br,Petz@123,
176.453.028-44,31834014site@stresstest.com.br,Petz@123,
87.905.342/0001-39,326981272site@stresstest.com.br,Petz@123,
80.512.643/0001-53,477235313site@stresstest.com.br,Petz@123,
06.598.472/0001-74,780050224site@stresstest.com.br,Petz@123,
38.579.260/0001-36,482766837site@stresstest.com.br,Petz@123,
892.540.761-20,939731691site@stresstest.com.br,Petz@123,
413.085.972-23,364810985site@stresstest.com.br,Petz@123,
058.231.749-50,750477474site@stresstest.com.br,Petz@123,
341.208.956-70,373162732site@stresstest.com.br,Petz@123,
891.247.506-11,94797610site@stresstest.com.br,Petz@123,
301.749.562-07,113137229site@stresstest.com.br,Petz@123,
29.501.347/0001-08,944809048site@stresstest.com.br,Petz@123,
216.039.874-87,191845542site@stresstest.com.br,Petz@123,
693.152.084-98,886581995site@stresstest.com.br,Petz@123,
413.709.265-61,221377717site@stresstest.com.br,Petz@123,
461.752.390-16,407267722site@stresstest.com.br,Petz@123,
567.901.423-80,233114443site@stresstest.com.br,Petz@123,
370.958.462-00,193763392site@stresstest.com.br,Petz@123,
476.802.195-67,847843234site@stresstest.com.br,Petz@123,
523.768.901-95,692511431site@stresstest.com.br,Petz@123,
601.532.984-05,496670689site@stresstest.com.br,Petz@123,
765.194.208-67,480566221site@stresstest.com.br,Petz@123,
02.178.364/0001-91,445746431site@stresstest.com.br,Petz@123,
96.354.072/0001-06,242257951site@stresstest.com.br,Petz@123,
92.843.716/0001-79,556491507site@stresstest.com.br,Petz@123,
678.295.013-86,499441985site@stresstest.com.br,Petz@123,
86.024.137/0001-00,144927178site@stresstest.com.br,Petz@123,
840.629.751-49,509513792site@stresstest.com.br,Petz@123
24.893.706/0001-98,785919693site@stresstest.com.br,Petz@123
736.825.091-86,664966588site@stresstest.com.br,Petz@123
708.614.952-76,116171847site@stresstest.com.br,Petz@123
79.024.658/0001-93,294319639site@stresstest.com.br,Petz@123
58.107.463/0001-37,355003777site@stresstest.com.br,Petz@123
036.789.142-50,394154696site@stresstest.com.br,Petz@123
58.694.120/0001-16,730325887site@stresstest.com.br,Petz@123
412.609.875-58,612499731site@stresstest.com.br,Petz@123
412.758.306-17,763039853site@stresstest.com.br,Petz@123
186.943.705-57,983788624site@stresstest.com.br,Petz@123
865.903.742-10,734176197site@stresstest.com.br,Petz@123
153.649.782-73,408916991site@stresstest.com.br,Petz@123
40.186.925/0001-93,95404382site@stresstest.com.br,Petz@123
18.325.069/0001-50,985018345site@stresstest.com.br,Petz@123
12.396.804/0001-30,239214360site@stresstest.com.br,Petz@123
93.584.027/0001-50,940549633site@stresstest.com.br,Petz@123
32.056.891/0001-94,606609166site@stresstest.com.br,Petz@123
257.164.093-34,932862767site@stresstest.com.br,Petz@123
450.136.728-80,608088site@stresstest.com.br,Petz@123
361.457.892-55,795095334site@stresstest.com.br,Petz@123
436.527.910-61,996625025site@stresstest.com.br,Petz@123
184.539.072-50,286822855site@stresstest.com.br,Petz@123
86.304.712/0001-10,645401439site@stresstest.com.br,Petz@123
95.327.861/0001-95,415099433site@stresstest.com.br,Petz@123
38.572.069/0001-62,409188616site@stresstest.com.br,Petz@123
683.291.470-96,352729586site@stresstest.com.br,Petz@123
83.072.594/0001-73,19133351site@stresstest.com.br,Petz@123
109.743.658-66,660499319site@stresstest.com.br,Petz@123
732.695.148-91,182089209site@stresstest.com.br,Petz@123
13.047.582/0001-03,255917211site@stresstest.com.br,Petz@123
316.894.207-31,881034001site@stresstest.com.br,9I3_xWDuw(
290.415.876-67,128660246site@stresstest.com.br,Petz@123
043.587.962-65,126243829site@stresstest.com.br,Petz@123
867.593.021-68,308122427site@stresstest.com.br,Petz@123
10.436.897/0001-54,514262267site@stresstest.com.br,Petz@123
153.476.890-48,773343912site@stresstest.com.br,Petz@123
51.468.092/0001-70,658128511site@stresstest.com.br,Petz@123
847.613.259-09,379590085site@stresstest.com.br,Petz@123
350.824.761-90,35095871site@stresstest.com.br,Petz@123
70.283.465/0001-82,590050319site@stresstest.com.br,Petz@123
724.850.613-35,453437800site@stresstest.com.br,Petz@123
249.587.163-19,390465142site@stresstest.com.br,Petz@123
35.791.428/0001-84,977279995site@stresstest.com.br,Petz@123
681.359.420-60,811277796site@stresstest.com.br,Petz@123
213.647.850-80,87561508site@stresstest.com.br,Petz@123
567.810.943-00,250579210site@stresstest.com.br,Petz@123
324.869.705-92,84377986site@stresstest.com.br,Petz@123
390.451.287-05,742862599site@stresstest.com.br,Petz@123
984.652.307-65,67022217site@stresstest.com.br,Petz@123,Pedido 311973833
81.439.650/0001-30,428658856site@stresstest.com.br,Petz@123,Pedido 311974169
375.469.182-19,101202873site@stresstest.com.br,Petz@123,Pedido 311974673
231.704.896-31,526426216site@stresstest.com.br,Petz@123,Pedido 311975065
618.340.597-39,722662666site@stresstest.com.br,Petz@123,Pedido 311975359
845.307.296-56,593113784site@stresstest.com.br,Petz@123,Pedido 311976703
078.129.645-58,393216192site@stresstest.com.br,Petz@123,Pedido 311977151
30.548.296/0001-40,974545415site@stresstest.com.br,Petz@123,Pedido 311977354
65.397.218/0001-77,778953176site@stresstest.com.br,Petz@123,Pedido 312201914
952.134.680-98,690600971site@stresstest.com.br,Petz@123,Pedido 312202425
52.183.704/0001-40,426884609site@stresstest.com.br,Petz@123,Pedido 312202901
365.418.097-39,261559070site@stresstest.com.br,Petz@123,Pedido 312294839
189.270.465-01,594870166site@stresstest.com.br,Petz@123,Pedido 312295609
463.280.975-65,561394490site@stresstest.com.br,Petz@123,Pedido 312296225
16.539.872/0001-62,391933071site@stresstest.com.br,Petz@123,Pedido 312296764
18.305.926/0001-50,572597086site@stresstest.com.br,Petz@123,Pedido 312297240
